Parliamentary constituency name,Parliamentary constituency code,Proportion of usual resident population 65 years and over1,State Pension claimant rate2,General good health rate3,Proportion of the population identified as non-white4,Median house price (£)5,Employment rate aged 16-646,Unemployment rate aged 16 years plus7,Families receiving child or working tax credit as a percentage of households8,Median personal income (£)9,Number of  businesses per 10000 residents10
Aldershot,E14000530,13.7,14.5,85.7,14.5,"213,000",80.5,5.2,17.4,23500,303.6
Aldridge-Brownhills,E14000531,22.6,24.3,78.4,6.9,"155,000",72.2,7.1,23.5,20600,273.9
Altrincham and Sale West,E14000532,18,19.5,85,9.6,"236,000",80.2,5.2,12.9,25900,490.8
Amber Valley,E14000533,19.7,21.7,77.8,1.6,"120,000",72.2,:,27,21500,296
Arundel and South Downs,E14000534,25.8,27.5,83.8,2.3,"299,998",78.7,6,14.9,24200,557.5
Ashfield,E14000535,18.8,20.8,75.7,2,"105,000",67.9,5.1,24.3,18100,213.4
Ashford,E14000536,18,19.6,82.7,6.5,"195,000",74.7,4.1,21.8,21800,426.9
Ashton-under-Lyne,E14000537,16.5,18.2,77,12.6,"94,750",60.9,12.6,30.6,18300,225.6
Aylesbury,E14000538,14.9,16.2,85.3,14.2,"219,950",76.8,2.6,18.3,23500,368.6
Banbury,E14000539,15.9,17.1,85.1,7.6,"210,000",73.9,2.4,16.5,22600,422
Barking,E14000540,8.9,9.3,81.4,45,"180,000",62.8,8.9,41,20300,237.4
Barnsley Central,E14000541,17.4,19,75.8,2.7,"96,750",73.3,9.2,26.6,18400,244
Barnsley East,E14000542,18.2,19.7,74.1,1.9,"98,000",68.9,11.4,32.8,17900,167.5
Barrow and Furness,E14000543,21.4,23.1,76.8,1.6,"115,000",69.2,7.6,20.1,19400,325.2
Basildon and Billericay,E14000544,17.4,18.8,81.8,7.3,"219,125",70.1,9.5,17.6,22000,375.5
Basingstoke,E14000545,13.4,14.8,85.6,9.6,"210,000",81.9,4.9,17.2,23000,330.6
Bassetlaw,E14000546,19.9,21.8,77.3,2.6,"122,000",67.9,4.4,25.3,18900,281.4
Bath,E14000547,16.3,17.3,84.6,8.3,"250,000",69.7,4.8,14.2,22700,408.6
Batley and Spen,E14000548,15.8,16.9,80.1,22.2,"117,500",63.4,6.8,29.7,18800,267.6
Battersea,E14000549,8.1,8.7,88.3,26.5,"515,000",81.6,4.3,13.3,34000,542.9
Beaconsfield,E14000550,20.8,21.7,85.8,12.4,"370,000",76.3,3.8,11.1,27900,674.9
Beckenham,E14000551,18.6,20.2,85.7,13.3,"330,000",78.4,4.8,10.6,28400,402.5
Bedford,E14000552,15.5,16.6,81.7,25.6,"162,500",77.3,5.3,23.4,19500,302.2
Bermondsey and Old Southwark,E14000553,7,7.1,85.3,41.5,"370,000",68.8,10.3,19.9,26200,594.9
Berwick-upon-Tweed,E14000554,24.1,26.6,78.6,1.3,"155,000",68.8,8.1,21.1,19800,421.5
Bethnal Green and Bow,E14000555,6.7,6.8,82.4,53.1,"330,000",65.7,11.4,25,23900,512.2
Beverley and Holderness,E14000556,23.3,25.7,80.5,1.5,"142,500",75.7,4.8,18.8,20100,359.6
Bexhill and Battle,E14000557,28.8,30.7,78.4,2.8,"225,000",71.6,4.5,17.9,20400,441.2
Bexleyheath and Crayford,E14000558,16.6,17.8,82.2,15.9,"220,000",78.5,2.3,22.8,22400,261.7
Birkenhead,E14000559,16.6,17.9,75.9,4.2,"110,000",54.5,14.6,30.8,18600,222
Birmingham Edgbaston,E14000560,14.2,15.1,81.2,31.3,"163,000",66.4,10.3,25.4,21300,242
Birmingham Erdington,E14000561,14.1,14.9,76.3,26.9,"109,475",68.4,13.1,34.9,19100,173.4
Birmingham Hall Green,E14000562,11.3,11.7,79.3,64.5,"160,000",57,11,43.9,18700,232
Birmingham Hodge Hill,E14000563,10.3,10.7,77.7,64.3,"105,000",55.1,14.6,54.8,18600,109.6
Birmingham Ladywood,E14000564,6.9,7,81,72.7,"117,000",46.6,12.4,37.9,17900,595.6
Birmingham Northfield,E14000565,15.8,17.2,78,14.2,"123,500",59.3,13.6,29.7,20600,137.2
Birmingham Perry Barr,E14000566,12.4,13.1,79.3,60.3,"115,000",61.9,17.1,41.8,17000,180.6
Birmingham Selly Oak,E14000567,13.9,15.2,80.9,22.4,"139,500",54.7,12.9,21.4,19300,158.4
Birmingham Yardley,E14000568,13.8,14.5,77.6,34.4,"120,000",67,9,34.2,18100,204.6
Bishop Auckland,E14000569,20.5,22.6,75.7,1.2,"110,000",70.7,6.6,27.6,18500,336.5
Blackburn,E14000570,12.9,14,77.9,40.7,"95,000",59.3,8.4,43.5,16800,262.1
Blackley and Broughton,E14000571,11.1,11.7,77.1,32,"100,000",49.1,14.9,38.8,17900,242.8
Blackpool North and Cleveleys,E14000572,22.9,24.8,73.9,2.7,"109,725",69.7,4.5,32.4,18300,202.4
Blackpool South,E14000573,18.9,20.9,73.8,3.4,"90,000",63.7,7.6,38.6,16400,258.7
Blaydon,E14000574,21.1,23.2,77.3,1.8,"133,973",73.3,6.7,19.6,19600,230.4
Blyth Valley,E14000575,19,21.4,77.2,1.3,"120,000",73.4,7.8,24.8,19900,189.7
Bognor Regis and Littlehampton,E14000576,25,27,78.4,3.4,"195,000",79.9,4,24.3,18400,252.4
Bolsover,E14000577,19.5,21.2,74.4,1.9,"100,000",68.6,3.6,23.8,18700,249.1
Bolton North East,E14000578,16.7,18.3,78.4,17.5,"110,000",65.5,8.9,29.7,18000,292.2
Bolton South East,E14000579,14.5,15.7,78,27,"81,500",65.1,10.8,41.9,17200,232.9
Bolton West,E14000580,18,20.1,80.7,6.9,"125,000",75.5,3.9,20.6,21900,279.7
Bootle,E14000581,16.5,17.9,75.8,2.4,"105,995",66.3,7.8,33.9,18600,198.6
Boston and Skegness,E14000582,22.7,24.9,75.6,2.7,"125,000",71.9,7.1,35.3,17000,324.6
Bosworth,E14000583,19.8,22.4,81.9,3.2,"150,000",74.4,7,16.9,22700,385.8
Bournemouth East,E14000584,17.3,18.5,81.1,8.3,"202,000",69.4,7.5,23.5,19800,271.6
Bournemouth West,E14000585,18.9,20.1,80.1,7.3,"190,000",69.1,6.1,21.1,19100,332.9
Bracknell,E14000586,14.1,15.4,86.4,9.1,"245,500",80.6,4.5,14.3,24700,347.7
Bradford East,E14000587,10.5,11.4,79.5,46.9,"91,250",66.2,8.5,46.3,17300,189.8
Bradford South,E14000588,13.7,15.2,79,21.1,"103,000",65.3,10.6,35.2,17700,179.2
Bradford West,E14000589,9.5,10.3,79.9,62.9,"105,000",55.5,17.9,63.5,17600,247.2
Braintree,E14000590,18.4,20.2,83.3,3.3,"192,500",74,3.7,16.7,21600,418.6
Brent Central,E14000591,9.7,9.8,82.4,61.2,"320,000",70.1,6.3,41.6,20000,364.5
Brent North,E14000592,12.4,12.3,83.1,73.4,"288,000",66.2,6.5,33.7,20200,368.9
Brentford and Isleworth,E14000593,11.1,11.6,85.6,42.2,"350,000",74.8,6.2,19.7,24700,530.9
Brentwood and Ongar,E14000594,20.6,22.1,84,5.8,"280,000",76.1,3.3,12.1,26000,527
Bridgwater and West Somerset,E14000595,23.2,25.5,79.2,1.4,"165,000",72.7,5.3,26.5,18800,380.2
Brigg and Goole,E14000596,20.7,22.7,79.6,1.7,"124,950",74.4,7.7,22.8,20100,331.9
Brighton Kemptown,E14000597,17.2,18.5,79.1,9.6,"235,000",68.2,7.2,25,19200,262.9
Brighton Pavilion,E14000598,10.5,11.3,85.3,10.9,"250,000",78.9,4.1,14.2,23800,486.3
Bristol East,E14000599,15.2,16.6,80.5,16.4,"153,500",69.6,6.8,19.1,19500,243.8
Bristol North West,E14000600,17.2,18.2,81.1,13.2,"194,000",74.7,3.3,19.7,22500,285
Bristol South,E14000601,14.7,15.9,79.3,7.4,"170,000",76.7,9.5,20.6,19500,226.4
Bristol West,E14000602,7.4,7.9,87.1,25.5,"210,000",62.4,12.8,15.4,22600,562.7
Broadland,E14000603,24,26.1,81.3,1.8,"185,000",74.5,2.9,16.7,20100,402.6
Bromley and Chislehurst,E14000604,16.7,17.7,83.4,16,"282,000",74.8,6.1,17.9,25900,409.9
Bromsgrove,E14000605,21.5,23.1,82.5,4.2,"205,000",79.5,4.1,15.6,24100,449.1
Broxbourne,E14000606,17.7,19.4,83.2,9.6,"240,000",81,2.3,19.8,22000,380.2
Broxtowe,E14000607,19.4,21.4,81.3,8.1,"140,000",74.6,5.5,15.9,22300,252.3
Buckingham,E14000608,19.3,21.2,86,4.3,"274,995",79.5,5.3,11.2,25000,629.4
Burnley,E14000609,17.4,19.2,76.6,12.6,"73,000",65.1,16.4,31.9,17200,253.2
Burton,E14000610,17.3,18.6,81.3,10.3,"135,000",77.6,4.5,23.8,20000,326.1
Bury North,E14000611,17.7,19.6,80.7,11.9,"121,500",77.3,4.5,25.6,19900,318.1
Bury South,E14000612,16.6,18.3,80.1,9.9,"125,000",67.2,8,24.8,19900,295.4
Bury St Edmunds,E14000613,20.9,22.5,83.4,3.2,"181,750",81.3,1.8,15.9,21800,376.1
Calder Valley,E14000614,18.3,20.2,81.4,3.5,"130,000",77.6,5.7,20.2,20500,403.2
Camberwell and Peckham,E14000615,8,8.3,83.5,55.2,"305,000",69.4,11.1,25.5,22200,247.6
Camborne and Redruth,E14000616,21.8,23.9,77.8,1.7,"160,000",73.7,6,25.1,16900,305.4
Cambridge,E14000617,11.7,12,86.6,17.4,"304,995",82.3,4.7,10.5,25200,355.5
Cannock Chase,E14000618,17.3,19.2,78.8,2.3,"125,000",74.2,4.3,23.1,18400,316.5
Canterbury,E14000619,18.4,19.5,82.8,8.6,"222,111",65.8,7.4,15.4,21200,312.6
Carlisle,E14000620,18.9,20.7,79.8,2.1,"115,250",71.2,9.1,24.6,19300,297.3
Carshalton and Wallington,E14000621,13.8,14.8,83.7,21.4,"245,850",78.1,4.8,21.3,24500,310.5
Castle Point,E14000622,23.8,26,79.6,3.1,"200,000",77.9,6.2,18.3,20600,318.4
Central Devon,E14000623,24.1,26.4,81.8,1.4,"214,995",77.4,:,19.5,20200,603.7
Central Suffolk and North Ipswich,E14000624,22,24.3,82.7,4.3,"192,000",79.9,2.9,17.1,23000,424
Charnwood,E14000625,20.5,22.5,83.4,11.6,"167,250",75.2,2.5,18.2,21300,334.4
Chatham and Aylesford,E14000626,14.4,15.9,82.3,8.5,"159,000",71.1,8.1,24.8,22000,227.1
Cheadle,E14000627,21.8,23.4,83.3,11.1,"200,000",79.9,3,14.9,23700,403.9
Chelmsford,E14000628,16.5,18,85,7.7,"215,250",78,4.9,12.5,22500,341.1
Chelsea and Fulham,E14000629,12.7,11.4,87.3,22.7,"778,750",75.5,5.2,10.1,37300,721.3
Cheltenham,E14000630,17.1,18.5,84.4,5.8,"205,000",73.3,9.1,14.6,21700,409.5
Chesham and Amersham,E14000631,20.9,22,86.6,8.5,"375,000",79.5,4.3,11.5,28700,598.4
Chesterfield,E14000632,19.8,21.6,76.1,3.6,"125,000",76.8,6.3,24.6,19300,286.3
Chichester,E14000633,25.7,27.5,82.4,3.2,"270,000",81.2,2.7,14.9,22600,501.7
Chingford and Woodford Green,E14000634,16.4,17.1,82.2,26.4,"300,000",70.5,8.1,21.3,24600,365.1
Chippenham,E14000635,19.2,21.2,83.4,3.3,"196,995",75.3,5.8,16.2,21100,374
Chipping Barnet,E14000636,15.6,16.3,83.9,28.2,"369,950",73.2,3.8,14.4,25900,467.6
Chorley,E14000637,18.1,20.1,81.1,3.1,"145,000",75.3,4.1,19.9,20200,326.1
Christchurch,E14000638,33.8,36.1,77.8,2.2,"260,000",75.4,3.6,17.6,20400,400.6
Cities of London and Westminster,E14000639,12.5,10.2,86.4,31.5,"795,000",69,4.1,6.8,39900,"4,633.30"
City of Chester,E14000640,18.8,20.4,82.4,4.2,"177,000",73.9,4.5,16.7,21900,382.3
City of Durham,E14000641,17.4,18.8,79.9,4.5,"123,750",68.2,3.8,16.2,21400,209.5
Clacton,E14000642,31.8,34.5,70.9,2.6,"150,000",60.8,11.4,25.7,17400,236.5
Cleethorpes,E14000643,21.5,23.4,79.5,2.1,"125,000",72.1,7,21.8,20000,292.5
Colchester,E14000644,13.9,15.4,83.9,9.9,"171,000",69.7,11.2,16.1,20700,287.4
Colne Valley,E14000645,17.5,18.8,81.8,12.5,"133,200",73.7,7.9,19.3,20300,311
Congleton,E14000646,22.6,24.6,82.1,1.8,"162,000",75.1,5.2,15.3,21900,445.4
Copeland,E14000647,21.3,22.9,79,1.6,"122,498",74.7,4,20.6,21700,399.2
Corby,E14000648,16.3,18.2,82.2,3.7,"149,995",76.2,7,25.9,19900,342.9
Coventry North East,E14000649,12.9,13.9,79.5,33,"118,000",63.1,8.1,37.2,18400,197.4
Coventry North West,E14000650,16.4,17.7,80.6,18.3,"130,000",66.8,6.1,22.4,19900,196
Coventry South,E14000651,14.7,16,82,26.6,"139,950",64.3,5.7,20.3,19400,328.5
Crawley,E14000652,13,14.3,83.5,20.1,"205,000",75.9,6.9,21.6,21000,252.4
Crewe and Nantwich,E14000653,18,19.5,81.3,3.7,"136,050",68.8,4.7,23.6,19700,288.9
Croydon Central,E14000654,12.6,13.7,82.9,38.6,"225,000",71.9,9.9,24.8,23900,305
Croydon North,E14000655,10,10.9,83,64.8,"222,000",67.7,14.9,29.6,21100,249.7
Croydon South,E14000656,16.2,17.6,84.6,27.3,"285,000",83.4,2.4,19.8,26700,389.4
Dagenham and Rainham,E14000657,14.6,15.7,80.4,27.8,"199,995",70.9,10.6,27.6,21600,239.3
Darlington,E14000658,18.2,19.8,79.2,4,"113,725",71.1,9.6,28.3,19600,221.1
Dartford,E14000659,15.6,17,83.3,12.1,"205,000",86,2.8,19.8,22900,326.7
Daventry,E14000660,19.3,21.4,83.7,3.3,"192,500",77.1,3.4,14.3,22900,518.1
Denton and Reddish,E14000661,17.2,19,78.3,5.6,"114,000",74.2,8.6,25.7,18400,250.7
Derby North,E14000662,15.8,17.2,80.7,13.3,"132,250",73,6.7,22.1,19700,255.1
Derby South,E14000663,13.5,14.4,78.5,31,"112,500",71,7.1,34.3,18800,243
Derbyshire Dales,E14000664,24.6,26.9,81.8,1.5,"222,000",78.2,3.2,15.9,21300,622.1
Devizes,E14000665,17.3,18.9,85.6,4.1,"225,000",75.4,7.1,16.2,23700,411.3
Dewsbury,E14000666,16.2,17.6,80.8,21.6,"137,950",67.2,7.2,34.1,19900,300.9
Don Valley,E14000667,19.6,21.5,77.2,2.9,"120,000",71.6,9.3,22,18200,219.9
Doncaster Central,E14000668,16.3,17.9,78.7,8.8,"110,000",69.7,5.8,28.6,18500,236.4
Doncaster North,E14000669,17.8,19.5,76.8,2.3,"100,750",69,11.3,35.1,18600,205.5
Dover,E14000670,21.5,23.1,78.5,3.4,"160,000",65.6,11,22,18300,235.7
Dudley North,E14000671,18.8,20.2,76.8,14.5,"120,000",68,12.9,32.7,17800,222.6
Dudley South,E14000672,19.8,21.7,77.4,7.7,"130,000",73.9,6.3,24.9,20000,306.6
Dulwich and West Norwood,E14000673,8.8,9.4,85.2,40.6,"344,000",78.2,3.5,20.8,27400,355.9
Ealing Central and Acton,E14000674,11.2,11.2,85.6,36.7,"417,000",65.3,13,17.1,27200,602.4
Ealing North,E14000675,11.6,11.8,83.1,50.1,"285,000",72.5,5.3,30.7,21100,303
Ealing Southall,E14000676,10.9,11,82,69.6,"282,000",61.1,10.2,27.7,20800,327.3
Easington,E14000677,18.5,20.1,71.8,1.3,"80,000",66.9,13.8,25.6,18600,155.7
East Devon,E14000678,27.6,29.7,80.8,1.8,"229,995",84.7,:,16.9,20100,372.7
East Ham,E14000679,6.7,6.8,83.1,76.9,"230,000",58.2,12.4,47.5,18000,218
East Hampshire,E14000680,20.6,21.6,85.3,3.7,"276,000",73.4,3.4,13.4,23200,532.6
East Surrey,E14000681,18.9,20.2,84.9,6.5,"295,000",76.3,7.6,13.5,27100,489
East Worthing and Shoreham,E14000682,21.3,23.2,80.5,5,"217,000",70.5,6.7,17.9,20600,315.6
East Yorkshire,E14000683,25.4,27.8,77.6,1.5,"137,264",69.1,6.7,22.7,19100,405.5
Eastbourne,E14000684,24.4,25.5,78.4,5.7,"175,000",78.4,7.2,22,19500,263.6
Eastleigh,E14000685,16.7,18.2,84.3,4.9,"205,000",85.5,:,16.5,21100,336.2
Eddisbury,E14000686,21.6,23.5,81.8,1.5,"200,000",72.9,2.6,18.4,21000,507.1
Edmonton,E14000687,10.6,11.3,80.5,52.7,"229,998",63.1,6.8,39.3,20400,235.3
Ellesmere Port and Neston,E14000688,19.9,21.9,80.4,2.2,"143,000",71.7,3.9,22.9,20000,246.2
Elmet and Rothwell,E14000689,22.2,24.7,81.9,2.9,"175,000",79.5,3.9,14.3,21400,368.1
Eltham,E14000690,14.8,15.7,81.2,23.4,"250,000",70.1,8.3,24.6,23900,245.7
Enfield North,E14000691,12.6,13.6,82,32.5,"249,995",72.7,4.9,32.3,22800,270.5
Enfield Southgate,E14000692,15.4,16.3,83.2,30,"335,000",75.4,6.9,23.1,25700,467.2
Epping Forest,E14000693,18.4,19.9,83.1,11.3,"300,000",71.1,6.2,14.1,25700,471.6
Epsom and Ewell,E14000694,18.7,20,86,12.1,"350,000",77.2,:,10.9,26600,403
Erewash,E14000695,18.3,19.9,79.1,3.2,"117,000",75.8,10.5,23.1,19100,272.8
Erith and Thamesmead,E14000696,10.2,10.8,83.3,42.2,"182,000",65.7,12.4,30.5,21700,228.4
Esher and Walton,E14000697,17.3,18.1,87.2,9.5,"430,000",78.8,4.6,11.2,30400,544
Exeter,E14000698,15.2,16.6,83.1,7.3,"182,000",80.3,3.2,18.2,19800,285
Fareham,E14000699,20.8,22.7,84.1,3.4,"210,000",83.6,:,12.5,22600,358.2
Faversham and Mid Kent,E14000700,19.7,21.6,82.7,3.4,"216,000",79.2,:,17.6,22700,402.1
Feltham and Heston,E14000701,10.7,11.2,82.5,55.1,"236,000",73.5,6.6,31.4,20200,285.1
Filton and Bradley Stoke,E14000702,15.5,16.7,84.7,8.3,"190,000",80.3,4.8,15.2,23300,296.2
Finchley and Golders Green,E14000703,13.9,13.8,85.1,33.5,"435,000",70.1,6.5,18.2,27400,640.3
Folkestone and Hythe,E14000704,22.7,24.1,78.5,5.2,"181,000",79.5,5.6,23.1,20000,305.2
Forest of Dean,E14000705,22.4,25,80.3,1.5,"170,000",79,3.8,19.1,19000,435.1
Fylde,E14000706,24.7,26.9,79,2.7,"165,000",76,:,18.7,21100,368.9
Gainsborough,E14000707,22.6,24.8,79.9,1.8,"142,500",77,2.7,19.1,20400,371.6
Garston and Halewood,E14000708,18.4,19.9,76.7,5.5,"134,995",59,15.5,27.2,21500,197.6
Gateshead,E14000709,16.3,17.4,75.7,5.7,"117,850",67.7,9.2,25.4,19200,234.3
Gedling,E14000710,18.6,20.8,80.2,7.6,"125,000",68.7,4.1,24.6,20300,233.5
Gillingham and Rainham,E14000711,16,17.8,81.9,10.4,"159,000",72.6,9.2,25,21300,211.8
Gloucester,E14000712,15.2,16.7,81.8,11.4,"145,000",78.9,6,24.2,20400,256.3
Gosport,E14000713,19.9,21.9,81.5,3.3,"160,000",72.4,4.5,21,22100,208.9
Grantham and Stamford,E14000714,20,21.9,81.8,2.8,"151,498",76.7,3.4,18.3,20300,363.3
Gravesham,E14000715,16.8,18.1,81.5,17.2,"188,000",76.8,4,25.5,22900,285.3
Great Grimsby,E14000716,16.3,17.7,78.7,2.9,"95,000",64.4,10.7,31,18500,226.4
Great Yarmouth,E14000717,22.5,24.2,76.3,3.1,"135,000",77.2,3.5,28.2,17500,278.1
Greenwich and Woolwich,E14000718,8.5,8.4,84.2,41.4,"325,000",63.5,11.2,26.2,23500,333.6
Guildford,E14000719,16.2,17.2,87.2,10.2,"320,000",74.6,5,10.2,27800,476.2
Hackney North and Stoke Newington,E14000720,7,7,83.7,42.3,"365,000",65.5,12.4,36.9,24700,389.5
Hackney South and Shoreditch,E14000721,7.3,7.5,82,48.7,"387,000",69.7,7,27.9,24200,613.9
Halesowen and Rowley Regis,E14000722,19.4,21.2,78.2,10.9,"130,000",71.2,7.5,24.4,18900,280.7
Halifax,E14000723,15.9,16.9,79.9,17.3,"105,000",71.6,7.2,30.9,17700,282.9
Haltemprice and Howden,E14000724,23.1,25.1,82.7,2.8,"161,000",81.9,4.2,11.8,23300,377.9
Halton,E14000725,16.9,18.4,78,2,"121,995",70.1,6.3,29.5,19800,225.9
Hammersmith,E14000726,9.4,9.7,84.7,36.7,"455,000",76.8,4.8,18.2,25400,564.9
Hampstead and Kilburn,E14000727,11.7,10.7,85.4,34.5,"585,000",75.7,6.7,15.9,32600,568.7
Harborough,E14000728,20.2,21.8,83,17.1,"165,000",83.5,3.7,18.2,22100,388.2
Harlow,E14000729,16.2,17.5,81.3,10.1,"185,000",79.8,5.2,23.1,20900,334.4
Harrogate and Knaresborough,E14000730,20.6,21.8,84.1,4.3,"210,000",75.6,4.6,14.6,21400,449.1
Harrow East,E14000731,15.2,15.1,82.4,60.8,"340,000",71.7,6.4,23.8,22700,427.9
Harrow West,E14000732,12.4,12.5,84.4,59.9,"300,000",70.7,8,22.4,24000,455.5
Hartlepool,E14000733,18,19.6,76,2.3,"115,495",62.6,13.4,28.3,19500,212.6
Harwich and North Essex,E14000734,22.9,25.1,81.4,3.8,"187,500",74.8,6.3,16,20900,406
Hastings and Rye,E14000735,20.5,22,76.8,5.6,"170,000",69.2,7.3,28.4,18500,297.9
Havant,E14000736,22,23.9,79.7,2.9,"195,500",67.3,4.6,24.7,19300,281.8
Hayes and Harlington,E14000737,9.8,10,83.2,56.6,"240,750",69.6,8,33.1,19400,275.4
Hazel Grove,E14000738,22.8,24.8,80.2,3.3,"170,000",78,4.3,19.9,21500,327.2
Hemel Hempstead,E14000739,15.5,16.7,83.3,11.2,"230,000",81.3,5.1,18,23200,398.6
Hemsworth,E14000740,19.1,20.7,75.1,3.3,"117,500",75,5.7,26.1,19500,200
Hendon,E14000741,11.8,12.1,84.3,45.1,"297,000",71.1,5.2,27.7,23800,442
Henley,E14000742,21.4,22.6,86.1,3.6,"345,000",74.2,6.3,8.9,24700,637
Hereford and South Herefordshire,E14000743,20.3,22.2,80.8,2.1,"168,000",77.3,5.2,22.9,18900,441
Hertford and Stortford,E14000744,15.8,17.2,86.2,5.1,"250,000",82.6,4,11.2,25500,485.6
Hertsmere,E14000745,17.3,18.6,84.4,15,"310,000",81.2,3.5,15.4,24500,574.7
Hexham,E14000746,24.2,26.1,82,2,"214,225",78.8,3.9,17.8,23800,495.3
Heywood and Middleton,E14000747,17.1,18.8,77.9,7.8,"120,000",64.9,7.4,29.3,19400,252.5
High Peak,E14000748,18.7,20.7,81.6,2.1,"148,000",75.6,8,17.2,20900,386.3
Hitchin and Harpenden,E14000749,17.3,18.5,86.9,9.6,"300,750",75.9,5.4,11.8,28300,499.7
Holborn and St Pancras,E14000750,10.7,9.7,82.5,36.4,"520,000",61,8.7,14.8,28100,"1,275.40"
Hornchurch and Upminster,E14000751,20,21.3,81,10.2,"249,998",72.3,6.8,17.2,23600,312.7
Hornsey and Wood Green,E14000752,10,10.6,85.4,28.7,"399,995",73.7,7,21.4,28300,454.3
Horsham,E14000753,18.3,19.9,86.1,4.7,"282,500",80.6,6.4,11.3,26700,461.3
Houghton and Sunderland South,E14000754,19.5,21.9,74.4,1.6,"110,000",68.8,8.7,26.1,18900,143.5
Hove,E14000755,15,15.8,82.7,10.8,"249,950",77.6,6.4,20.1,23500,450.3
Huddersfield,E14000756,15.4,16.6,79.2,28.1,"111,500",60.5,10.4,29.9,18800,287.4
Huntingdon,E14000757,17.6,19.2,84.5,6.2,"190,000",86.7,3.6,14.8,22300,384.4
Hyndburn,E14000758,17.1,18.4,77.5,12.8,"88,500",67.2,9.6,30.6,17200,272.7
Ilford North,E14000759,13.8,14.5,82.2,47.5,"272,250",69.5,5.8,24.4,23100,336.3
Ilford South,E14000760,9.3,9.6,83.1,75.8,"250,000",67.3,9.3,32.5,21500,322.3
Ipswich,E14000761,15,16.3,81.6,11.7,"133,750",74.3,7.6,24.8,19300,268.4
Isle of Wight,E14000762,25.6,27.8,77.3,2.7,"174,000",70.2,8.5,25.7,18200,310
Islington North,E14000763,8.9,9,82,32.9,"415,000",74.7,5.8,19.1,27400,387.3
Islington South and Finsbury,E14000764,8.9,9,82.7,30.7,"529,000",69.4,6.5,18.8,30600,980.4
Jarrow,E14000765,18.8,20.9,76.4,2.4,"115,000",70.2,8.8,22.5,18900,176.3
Keighley,E14000766,18.7,20.3,81.2,16.4,"142,500",74.7,4.3,21.2,20500,330.7
Kenilworth and Southam,E14000767,23.1,25.1,84.5,4.3,"247,500",80.8,3.1,11.4,26000,567.6
Kensington,E14000768,12.6,10.8,86.1,32.1,"980,000",64.1,8.7,9.7,36000,733.9
Kettering,E14000769,17.2,19.2,82.4,6.1,"135,000",76.6,3.3,21.3,20000,333.2
Kingston and Surbiton,E14000770,13.3,14,85.5,25.1,"315,000",76.7,5.7,14,25900,427.5
Kingston upon Hull East,E14000771,16.2,18,77.2,2.7,"85,000",69.9,10.4,31,17800,178.7
Kingston upon Hull North,E14000772,12.4,13.8,80.3,7.6,"107,000",65.9,14,31.8,17600,133.4
Kingston upon Hull West and Hessle,E14000773,16.2,17.4,77,6.9,"92,000",62.5,11.9,27.5,16900,329.7
Kingswood,E14000774,17.9,19.5,83.3,4,"178,000",79.7,6.8,19.2,20700,255.6
Knowsley,E14000775,16.4,17.9,74.9,2.3,"100,000",64,10.8,36,19400,173.3
Lancaster and Fleetwood,E14000776,18,19.2,80.8,5.8,"125,000",66.5,6.9,20.6,19000,310
Leeds Central,E14000777,8.8,9.5,81.5,25.4,"93,000",55,17.3,23.3,18900,392.6
Leeds East,E14000778,14.8,16.2,78.7,22,"124,950",65.1,8.5,25.1,18600,177.6
Leeds North East,E14000779,15.6,17,82.3,29.7,"187,000",67.6,10.3,16.8,22700,263.7
Leeds North West,E14000780,15.8,17.4,85.2,9.5,"179,950",73.6,3,12.8,22600,278.8
Leeds West,E14000781,13.2,14.4,80,10.9,"107,500",66.2,12.6,21.6,18100,227.2
Leicester East,E14000782,13.3,13.2,78.8,68.6,"125,000",59.9,14.7,44.3,16300,261.2
Leicester South,E14000783,10.6,10.7,82.2,50.8,"130,000",58.3,10.3,32.6,19300,349.4
Leicester West,E14000784,11,11.8,80.5,27.7,"110,000",70.7,7,38.5,17300,213.3
Leigh,E14000785,16.9,19,78.6,3.2,"108,250",69.9,7.7,22.9,19100,254.2
Lewes,E14000786,25.6,27.2,80.5,3,"245,000",72.5,7.7,19.3,22600,426.8
Lewisham East,E14000787,11.2,11.9,82,44.3,"250,000",73.4,5.4,31.6,22500,244.4
Lewisham West and Penge,E14000788,10.3,10.9,83.1,38,"259,000",72.6,7.7,24,24800,293.9
Lewisham Deptford,E14000789,7.4,7.9,84.3,50.1,"265,000",79.2,4.6,20,23100,294.1
Leyton and Wanstead,E14000790,9.7,10.4,83.8,50.8,"265,000",73,5,24.6,21600,286.7
Lichfield,E14000791,22.1,23.8,81.9,2.5,"179,950",73.5,4.7,15.9,22200,414.7
Lincoln,E14000792,15.4,16.7,81,4.2,"123,500",77.7,4.4,23.3,19500,236.7
Liverpool Riverside,E14000793,10.5,11.3,80.4,20.4,"124,000",61.4,7.9,25.8,21900,410.1
Liverpool Walton,E14000794,15,16.7,73.6,4.9,"75,000",65.9,11.6,37,17200,131
Liverpool Wavertree,E14000795,14.4,15.7,78.7,15.3,"120,000",55.2,13.9,24.5,21200,194.5
Liverpool West Derby,E14000796,15.5,16.9,76.2,5.9,"97,750",63.6,11.3,32.6,19400,117
Loughborough,E14000797,15.8,17.3,83.5,13,"156,000",80.4,2.9,17.4,21700,302
Louth and Horncastle,E14000798,28.5,31.2,74.3,1.3,"136,000",68.1,8.5,25,18300,386.1
Ludlow,E14000799,26.1,28.7,80.4,1.3,"189,975",80.2,4.8,18.4,20300,575.5
Luton North,E14000800,14.2,15,82.2,45.1,"163,000",67.3,8.4,30.1,19500,189
Luton South,E14000801,10.7,11.5,83,43.3,"153,250",69.2,7.8,30.9,19100,303.9
Macclesfield,E14000802,21.5,23.4,82.5,3.2,"175,000",80.8,:,14.1,22600,484.7
Maidenhead,E14000803,18.4,19.6,86.7,13,"320,000",78.6,3.2,10.2,27500,566.2
Maidstone and The Weald,E14000804,18,19.2,83.3,6.9,"205,000",73.7,6,17.2,24100,408.3
Makerfield,E14000805,18.2,20.4,78.8,1.9,"118,000",78,7.7,21.2,18800,196.4
Maldon,E14000806,21.4,23.9,83,2.5,"225,000",76.8,4.5,13.7,23600,486.6
Manchester Central,E14000807,7.6,8,81.7,37.4,"124,000",61.6,12.5,22.2,18700,544
Manchester Gorton,E14000808,8.2,8.8,81.4,47.6,"107,500",59.8,9.4,32.4,18000,160.5
Manchester Withington,E14000809,9.9,10.8,83.9,23.4,"190,000",70.5,5.4,14,22700,246.7
Mansfield,E14000810,18,19.9,75.8,2.8,"110,000",70.6,12.8,28.7,17900,214.6
Meon Valley,E14000811,21.8,23.6,84.4,2.6,"234,500",79,2.6,13.8,23200,547.2
Meriden,E14000812,19.1,21.1,81.4,8.1,"217,000",68.8,7.1,22.7,22200,348.2
Mid Bedfordshire,E14000813,17,18.8,85.8,6.4,"227,000",75.2,6.1,16.7,24900,460.3
Mid Derbyshire,E14000814,21.8,23.7,81.9,3.4,"157,000",84.6,4.4,15,21900,276.8
Mid Dorset and North Poole,E14000815,23.5,26.1,83.2,2,"240,000",81.6,3.3,16.8,21100,385.9
Mid Norfolk,E14000816,23.9,25.7,80,2.2,"167,000",74,5.8,18.7,19700,379
Mid Sussex,E14000817,18.9,20.4,85.9,5.4,"250,000",83.5,2.9,12.3,22600,444.8
Mid Worcestershire,E14000818,21.9,23.8,81.9,2.4,"190,000",76.7,5.5,18,20600,468.5
Middlesbrough,E14000819,14.2,15.6,77.5,15.6,"87,000",58.1,16.4,33.2,18000,198.9
Middlesbrough South and East Cleveland,E14000820,20.3,22.3,78.2,2.5,"134,950",72.3,5.6,23.1,20800,191.8
Milton Keynes North,E14000821,12.1,13.8,85.4,20,"187,000",72.4,8.5,20.5,22200,418.5
Milton Keynes South,E14000822,12.1,13.3,84.7,19.9,"185,000",77.5,5.1,24,23600,360.5
Mitcham and Morden,E14000823,11,11.9,83.3,46.3,"250,000",72,10.4,28.6,21500,287.1
Mole Valley,E14000824,22,23.1,85.6,4.4,"390,000",73.2,:,8.5,28300,636.5
Morecambe and Lunesdale,E14000825,22.4,24.3,77.9,2,"129,000",70.8,:,27,19000,271.2
Morley and Outwood,E14000826,16.6,18.6,81.8,4.6,"131,000",74.8,6.9,22,21200,264.3
New Forest East,E14000827,22.7,24.1,82.5,2.6,"223,000",76.4,:,16.7,22700,351.2
New Forest West,E14000828,31.1,32.3,79.4,2.2,"265,000",79.2,3.5,13.7,20700,475.7
Newark,E14000829,20.9,23,81.3,3.1,"160,000",74.7,3.5,16.9,21700,427.6
Newbury,E14000830,16.6,18.2,86,4.4,"249,950",82,3.6,13.3,25500,555.6
Newcastle upon Tyne Central,E14000831,12.3,13.2,79.1,25.8,"124,500",61.9,12.4,28.3,19800,264
Newcastle upon Tyne East,E14000832,11.6,12.5,81.6,11.3,"136,000",54.8,11.8,14.2,21300,240.5
Newcastle upon Tyne North,E14000833,19.2,21,78,6.2,"149,950",74.2,5.7,20.1,21500,191.7
Newcastle-under-Lyme,E14000834,18.4,20.1,79.2,6.2,"125,000",70.4,7.3,17.7,18700,240.4
Newton Abbot,E14000835,25.1,27.3,79,1.8,"190,000",77.1,6.3,23.2,19700,335.2
Normanton Pontefract and Castleford,E14000836,17.6,19.2,75.5,2.5,"115,000",70.3,9,26.3,18200,208.4
North Cornwall,E14000837,24.4,25.7,78.5,1.6,"210,000",72.3,5.7,27.9,18500,531.3
North Devon,E14000838,23.9,26,80.2,2.1,"191,250",72.5,3.2,23.5,18400,487.6
North Dorset,E14000839,23.5,25.8,83.2,2.1,"227,950",83,3.8,17.5,20900,484.1
North Durham,E14000840,19.5,21.3,75.9,1.4,"105,000",67,9.1,20.9,20100,186.4
North East Bedfordshire,E14000841,17.5,19.2,84.8,5.9,"215,000",84.2,4.5,12.7,23000,429.7
North East Cambridgeshire,E14000842,21,22.8,78,2.8,"137,250",76.6,5.8,22.6,19500,334.9
North East Derbyshire,E14000843,22.5,24.7,77.4,1.9,"145,000",80.6,3.8,18.6,18900,300.3
North East Hampshire,E14000844,18.2,19.6,88.2,4.5,"315,000",80.7,:,8.5,26800,528.3
North East Hertfordshire,E14000845,19,20.6,84.2,7.4,"240,000",79.1,5.3,14.2,24700,468.7
North East Somerset,E14000846,21.5,23.5,83.2,2.4,"207,000",76.4,5.6,17.9,22000,411.6
North Herefordshire,E14000847,25.1,27.3,80.9,1.4,"210,000",75.9,2.6,18.3,20700,599.5
North Norfolk,E14000848,31.6,33.5,76.3,1.3,"185,000",73.6,:,22.9,18100,387
North Shropshire,E14000849,20.9,23,81.4,1.8,"162,800",74.6,5.5,18.1,20100,447.4
North Somerset,E14000850,22.9,25,83.8,2.3,"225,000",77.9,2.7,12.6,24500,442.8
North Swindon,E14000851,15.1,16.6,83.8,6.9,"157,500",75.5,5.3,22.9,20800,262.2
North Thanet,E14000852,23.1,25.2,76.4,3.5,"173,000",68.3,7.2,26.2,18200,247.8
North Tyneside,E14000853,17.6,19.5,77,3.4,"118,250",74.2,6.1,25.1,19100,184.3
North Warwickshire,E14000854,19.5,21.5,79,5.1,"132,750",72.6,5,21.1,19600,345.1
North West Cambridgeshire,E14000855,15.7,17.4,83.9,6.3,"162,000",79.2,5,25.4,22300,369.9
North West Durham,E14000856,19.9,21.8,76.3,1.1,"104,000",68.1,6.8,28.5,20100,256.8
North West Hampshire,E14000857,18.8,20.3,84.6,3.3,"223,000",82.9,:,15.2,22100,427.5
North West Leicestershire,E14000858,18.9,20.8,81,2.4,"159,000",71.8,3.7,21.8,22100,398.1
North West Norfolk,E14000859,24.8,26.5,77.8,3.1,"157,000",69.4,4.9,25.8,18300,315.3
North Wiltshire,E14000860,19.2,21.1,84.9,3.2,"215,000",71.9,7.2,15.4,23800,545.4
Northampton North,E14000861,16.1,17.9,81.4,14.8,"135,000",72,3.9,23.9,19700,277.4
Northampton South,E14000862,13.2,14.8,82.3,17.6,"133,500",74.6,6.7,25.7,20200,347.8
Norwich North,E14000863,20,21.5,79.9,4.6,"150,000",72.6,6.2,18.6,18800,236.8
Norwich South,E14000864,15.8,17.1,80.5,10,"158,000",66.7,5.2,16.5,20300,327.3
Nottingham East,E14000865,9.7,10.4,80.5,35.2,"92,250",69.5,12,25.4,17900,268.1
Nottingham North,E14000866,14.1,15.2,76.2,20.3,"84,000",64.2,14.3,35.6,16600,135.1
Nottingham South,E14000867,11.7,12.4,82.7,29.6,"125,000",56.1,8.7,21.3,18900,291.8
Nuneaton,E14000868,16.8,18.8,80.3,8.1,"135,000",70,6,27.5,19900,255.1
Old Bexley and Sidcup,E14000869,19.2,20.5,83,11,"249,500",72.1,5.8,17.4,24000,320.8
Oldham East and Saddleworth,E14000870,15.7,17.3,79.2,18.6,"118,000",64.7,9.9,32.7,18600,273.6
Oldham West and Royton,E14000871,14.6,16,77.9,29.9,"104,500",62.5,9.6,35.2,17500,209.8
Orpington,E14000872,20.7,22.7,83.9,10,"290,000",76.2,3.4,14.6,26500,372.1
Oxford East,E14000873,10.5,10.9,86.3,24.1,"250,000",77.4,3.3,14.1,22100,240.5
Oxford West and Abingdon,E14000874,17.7,18.6,86.7,10,"285,000",72.6,2.4,10.5,25500,364.4
Pendle,E14000875,17.2,18.8,78,20.1,"85,000",56.9,13.7,31.7,18600,277.4
Penistone and Stocksbridge,E14000876,21.7,24,79.3,2.3,"135,000",81.2,4.5,15,20100,282
Penrith and The Border,E14000877,23.5,25.2,81.5,1,"170,000",81.4,3.9,17,19700,653.7
Peterborough,E14000878,14.4,15.6,80.4,22.6,"125,000",71.6,8,43,17400,268.5
Plymouth Moor View,E14000879,18.9,20.7,76.8,2.5,"131,500",71.4,7.3,26.8,17900,137.5
Plymouth Sutton and Devonport,E14000880,13,14,80.8,6.1,"140,000",67.9,7.8,23.7,19300,261.2
Poole,E14000881,21.9,23.7,80.9,4.4,"221,500",72.9,5.4,21.2,21400,386.3
Poplar and Limehouse,E14000882,5.5,5.6,84.2,56.5,"321,500",70.3,8.2,26.7,27500,427
Portsmouth North,E14000883,15.8,17.2,82,7,"160,000",78.3,4.8,22.1,20300,251.7
Portsmouth South,E14000884,12.3,13.1,83,15.9,"147,500",61.9,9.8,19.4,20500,215.3
Preston,E14000885,11.6,12.5,79.1,23.7,"92,000",60.4,12.5,30.6,16900,290.1
Pudsey,E14000886,18,20,83.6,6.7,"167,000",79.5,6.8,11.8,21500,330.9
Putney,E14000887,10.6,10.8,87.1,24.7,"454,500",74.8,5.6,15.5,28800,446.9
Rayleigh and Wickford,E14000888,21.4,23.4,83,3.3,"220,500",77.4,5.7,14.8,22000,382.6
Reading East,E14000889,12.3,13.3,87,24.4,"232,500",73.2,3.9,14.7,23400,409.2
Reading West,E14000890,14.3,15.8,84.2,19.1,"200,000",80.2,4.5,21.5,23000,326.1
Redcar,E14000891,20.2,22.2,75.9,1.6,"115,000",68,8.9,30.4,19300,187.6
Redditch,E14000892,16.2,18.5,81.8,7.6,"156,000",77,2.1,25.7,19300,319.4
Reigate,E14000893,17.3,18.2,85.6,10,"285,000",76.3,4.8,11.3,27300,458.8
Ribble Valley,E14000894,20.6,22.8,82.9,2.4,"157,500",71,4.7,16.2,21500,466.4
Richmond (Yorks),E14000895,21.2,22.9,83.7,3.1,"189,950",73.2,5.4,14.8,20400,494.8
Richmond Park,E14000896,13.9,14.2,88.4,18.4,"545,000",76.3,4.3,9,34300,580.5
Rochdale,E14000897,14.1,15.5,77.4,28.5,"110,000",60.7,11.4,37.5,18300,245.9
Rochester and Strood,E14000898,15.5,17.2,82.2,9.6,"172,000",73.3,7.5,21.7,21400,334.2
Rochford and Southend East,E14000899,17.4,18.8,79.2,8.7,"175,000",65.3,10.1,30.2,21300,353.7
Romford,E14000900,17,18.5,82.6,13.5,"227,500",79.8,5.4,24.6,23400,321.7
Romsey and Southampton North,E14000901,19.7,21.1,85.2,9.6,"250,000",68.1,4.6,12.4,23900,404.9
Rossendale and Darwen,E14000902,16.5,18.5,79.9,4.3,"112,000",70,8.8,24.1,19300,311.1
Rother Valley,E14000903,20.3,22.4,78.5,3,"130,000",73.9,5.2,21.1,20100,238.2
Rotherham,E14000904,16.4,17.5,76.3,13.4,"110,000",58.4,12.9,31.3,18100,209.2
Rugby,E14000905,18.5,20,82.4,9.7,"162,000",79.9,3.8,22.5,22400,365.3
Ruislip Northwood and Pinner,E14000906,19.8,20.5,84.4,29.6,"385,000",81.9,4.3,12.7,28000,510.3
Runnymede and Weybridge,E14000907,17.3,18.1,86.1,11,"312,000",75.8,4.5,9.7,27300,527.9
Rushcliffe,E14000908,19.7,21.3,84.7,7.5,"207,500",77.9,3.1,11.6,25600,384.4
Rutland and Melton,E14000909,21.4,23.5,84.3,3.5,"186,000",77.8,4.4,15,22600,469.3
Saffron Walden,E14000910,19.2,20.8,85.4,3.6,"290,000",81.2,:,12.2,26300,554.4
Salford and Eccles,E14000911,13.6,14.6,78.4,11.9,"108,750",69.9,9.6,22.6,18100,321.6
Salisbury,E14000912,21.1,22.8,82.9,3.3,"220,000",85.8,:,15.9,22400,424.2
Scarborough and Whitby,E14000913,23.9,25.8,77.7,2.7,"140,000",66.3,8.1,26.4,19200,353.6
Scunthorpe,E14000914,17.5,19.3,79.4,6.1,"105,000",74.7,4.2,30.7,19500,221.4
Sedgefield,E14000915,19.9,21.9,75.9,1.4,"109,000",70.7,9.8,22.4,19300,265.1
Sefton Central,E14000916,25.9,27.6,80.3,1.9,"167,750",77.7,3.8,14.1,21600,240.3
Selby and Ainsty,E14000917,18.8,20.8,83.2,1.9,"170,000",73.9,5.3,14.4,21400,430.4
Sevenoaks,E14000918,19.8,21.2,84.7,4.5,"287,500",70.9,:,15,24800,514.1
Sheffield Central,E14000919,8.7,9.1,84.7,28,"125,000",57.6,19.2,15.8,20400,335.2
Sheffield South East,E14000920,18.2,19.8,77.3,14.7,"110,000",72.5,6.8,28.1,19300,221.2
Sheffield Brightside and Hillsborough,E14000921,14.3,15.2,76.7,24.7,"90,000",69.1,11.8,33.7,17000,200.1
Sheffield Hallam,E14000922,20,21.6,85.2,7.7,"219,000",78.4,3.9,8.2,25300,269.9
Sheffield Heeley,E14000923,18.3,19.5,76.9,10.1,"120,000",71.2,9.5,22.9,18500,152.2
Sherwood,E14000924,19.6,21.8,77.9,2.5,"127,000",69.1,11,22.3,19200,271.2
Shipley,E14000925,19.2,21.1,82.8,7.5,"148,250",75.6,6.5,16.5,21600,307.7
Shrewsbury and Atcham,E14000926,20.4,22.2,82,2.8,"167,000",76.6,4.3,19.4,21600,411.7
Sittingbourne and Sheppey,E14000927,17.5,19.3,79.8,3.8,"160,000",78.2,5,24.9,21300,274.4
Skipton and Ripon,E14000928,23.7,25.6,83.2,2.5,"184,100",82,:,17.7,22200,610.2
Sleaford and North Hykeham,E14000929,23.1,25.1,81,1.7,"149,000",77.9,3.8,18.6,21100,438.2
Slough,E14000930,9.4,9.8,83.8,54.9,"210,000",70.2,8.8,29.7,21500,296.6
Solihull,E14000931,21.5,23.1,82,13.8,"202,000",73.4,3.5,16.7,22900,314.9
Somerton and Frome,E14000932,22.8,25.3,82.3,1.6,"190,000",75.7,4.5,17.8,21000,522.3
South Basildon and East Thurrock,E14000933,16.7,18.6,80.9,7.1,"170,000",76.5,5,19.7,23000,278.4
South Cambridgeshire,E14000934,18.1,19.5,86.3,7.1,"250,000",79.5,4.8,10.4,25400,485
South Derbyshire,E14000935,16.8,18.7,82,4.3,"147,500",81.7,2.6,19,21200,327.6
South Dorset,E14000936,24,26.2,79.6,2.3,"203,000",77.5,7.8,22.6,19500,308.1
South East Cambridgeshire,E14000937,18.2,19.6,85.1,5.6,"227,000",78.8,4.2,14.6,22900,451
South East Cornwall,E14000938,23.9,27.1,79.3,1.4,"175,000",77.4,4.2,20.3,18800,396.3
South Holland and The Deepings,E14000939,23.2,24.9,78.8,2.1,"140,000",78,2.6,24.7,18500,386
South Leicestershire,E14000940,18.3,20.4,84,6.7,"160,000",80.1,5.8,16.2,20600,451.3
South Norfolk,E14000941,23.1,25,82.3,2.4,"182,500",74.8,7.5,14.6,21300,397.5
South Northamptonshire,E14000942,16.4,18.2,86.6,5.5,"210,000",82,2.5,13.1,24300,513.4
South Ribble,E14000943,20.3,22.3,81.5,2.8,"155,000",73.4,8.3,21.4,21000,348.6
South Shields,E14000944,19,20.7,75.2,5.4,"110,000",66.2,11.3,25.8,18400,171
South Staffordshire,E14000945,21.9,23.9,80.6,4.4,"171,250",72.6,4.2,16.5,20700,319.6
South Suffolk,E14000946,24.1,26.4,82.4,2.1,"195,000",71.1,6.7,16.3,21700,439.3
South Swindon,E14000947,14.2,15.4,83.1,13.6,"155,000",78.3,4.6,22.5,20400,304.6
South Thanet,E14000948,22.4,24.1,76.8,4.4,"167,000",62.9,5.2,30,18300,260
South West Bedfordshire,E14000949,16.5,18.2,83.8,7.5,"180,000",81,2.5,21.6,23300,361.3
South West Devon,E14000950,22.8,24.7,82.4,1.5,"179,000",80.9,3.1,16.4,21200,304.6
South West Hertfordshire,E14000951,17.9,19.2,85.8,10.4,"354,000",81.8,:,11.9,27500,553.8
South West Norfolk,E14000952,22.4,24.2,79.1,2.8,"154,000",79.2,4.1,23.1,18800,344.5
South West Surrey,E14000953,20.1,21.2,86.3,4.2,"335,000",71.1,6.3,10.7,28600,613.5
South West Wiltshire,E14000954,20.9,22.9,82.2,3.2,"175,000",81,3.7,21,20200,377.1
Southampton Itchen,E14000955,14.6,15.6,81.6,9.2,"160,000",76,5.4,20.7,20100,227.2
Southampton Test,E14000956,11.8,12.8,82.9,16.9,"155,569",65.7,9.9,23.2,19500,238.4
Southend West,E14000957,20.2,21.6,81.3,7.2,"197,000",77.1,5.2,17.5,23100,341.7
Southport,E14000958,24.4,25.5,77.7,3.4,"140,000",71.7,6.6,25.9,19300,291
Spelthorne,E14000959,18.1,19.4,83.9,12.7,"265,000",71.8,6.2,13.7,23900,450.5
St Albans,E14000960,15.3,16.5,86.3,14,"335,000",80.4,3.5,11.5,27700,534.5
St Austell and Newquay,E14000961,22.3,23.5,78.1,1.7,"168,000",69,6.4,28.5,16500,319.2
St Helens North,E14000962,19,21.2,76.9,1.6,"115,000",66.8,8.8,24,20000,189.4
St Helens South and Whiston,E14000963,19.1,20.8,76.7,2.6,"110,000",67.2,10.7,26.7,19700,223.8
St Ives,E14000964,24.9,26.7,78,1.8,"209,000",75.8,3.2,27,18400,410.5
Stafford,E14000965,19.6,21.5,81.8,6,"155,000",76.5,3.5,18.8,21700,319.8
Staffordshire Moorlands,E14000966,23,25.4,79.2,1.3,"138,000",78.1,:,16.8,20300,397.9
Stalybridge and Hyde,E14000967,16.5,18.5,78.6,7,"120,000",70,6,26.2,20600,258.7
Stevenage,E14000968,15.6,16.8,82.9,11.5,"177,000",76,5,22,22300,324.7
Stockport,E14000969,14.4,15.7,79.9,9.3,"135,000",74.7,8.5,24.5,20800,343.2
Stockton North,E14000970,17.1,18.5,77.3,4,"109,973",68.3,10.7,34.4,17900,222.2
Stockton South,E14000971,16.4,18.2,82.3,6.6,"142,000",72.3,8.1,19.5,21500,257.1
Stoke-on-Trent Central,E14000972,14.9,16.7,77.3,14.8,"80,000",62.1,8.6,28.3,16500,232.1
Stoke-on-Trent North,E14000973,17.1,18.9,76.1,10,"92,000",68.8,8.5,34.1,18000,201.2
Stoke-on-Trent South,E14000974,17.7,19.8,76.7,7.5,"103,250",72.9,5.2,31.1,19100,185.6
Stone,E14000975,23.4,25.6,81.1,2,"165,000",65.6,4.1,14.4,21100,435.7
Stourbridge,E14000976,19.4,21.6,79.6,8.1,"142,500",75.2,6.2,22.1,21000,294.9
Stratford-on-Avon,E14000977,24.9,26.8,82.8,2.9,"249,950",77.9,1.9,15.7,22700,628.8
Streatham,E14000978,7.9,8.3,85.5,41.8,"335,000",80.7,6.6,21.6,26400,297.1
Stretford and Urmston,E14000979,15.4,16.9,79.9,20.7,"152,500",70.3,7.1,29.5,19800,414.1
Stroud,E14000980,20.4,22.7,82.9,2.1,"190,000",80.2,:,15.7,21600,476.5
Suffolk Coastal,E14000981,27.5,29.5,80.3,2.9,"203,000",72.7,5.9,16.5,20200,418.3
Sunderland Central,E14000982,18,19.7,75.8,8,"112,000",63.1,11.2,22.9,18800,213.3
Surrey Heath,E14000983,18,19.2,86.3,8.9,"278,000",75.6,6.8,12,26900,460.7
Sutton and Cheam,E14000984,16.2,16.9,84.8,21.4,"255,500",83,3.4,15.7,25500,378.1
Sutton Coldfield,E14000985,21.2,23.2,83.4,11.3,"215,000",75.8,6.9,13.2,24600,356.5
Tamworth,E14000986,17.7,19.6,81.1,3.3,"147,500",73.7,6.8,23,22000,332.2
Tatton,E14000987,22,23.6,83.1,4.5,"240,000",77.8,3.6,13.2,24000,636.6
Taunton Deane,E14000988,21.2,23.2,81.6,2.8,"180,500",79.7,4.3,24,21000,380.4
Telford,E14000989,14.4,16.6,79.6,6.5,"130,250",75.9,4.6,33.3,18100,246.7
Tewkesbury,E14000990,21.3,23.2,83.2,3,"193,000",80.5,5.3,14.6,20800,389.5
The Cotswolds,E14000991,24,25.8,83.7,2.1,"270,000",79,2.8,12.1,25400,637.5
The Wrekin,E14000992,18,20,81.2,7.4,"158,000",72.3,5.6,21.5,21500,284.5
Thirsk and Malton,E14000993,24.9,26.9,81.1,1.4,"180,000",81.4,2.9,18.1,20200,601.7
Thornbury and Yate,E14000994,20.6,22.7,84.1,2.4,"212,000",80.2,2.5,15.9,22100,438.8
Thurrock,E14000995,11.7,13,83,17.5,"168,000",73.5,6.8,26.5,20400,273.2
Tiverton and Honiton,E14000996,26.3,28.3,80.4,1.5,"190,000",70.5,7.4,22.4,18700,507.6
Tonbridge and Malling,E14000997,18.6,20.1,84.7,4.1,"274,225",81.2,5.4,16.2,25800,461.7
Tooting,E14000998,8.8,9.3,86.6,34.1,"414,000",83.2,2.2,17,30200,405.3
Torbay,E14000999,23.8,25.7,76.5,2.8,"156,000",71.8,5.9,28.3,16700,270.2
Torridge and West Devon,E14001000,25.3,28,79.1,1.4,"180,000",73.5,7.2,24,19200,506.3
Totnes,E14001001,28.2,30.1,78.2,1.6,"225,000",68.8,8.6,25.7,19000,479.9
Tottenham,E14001002,8.2,8.7,81.1,49.9,"261,750",66,9.4,42.7,19500,267.3
Truro and Falmouth,E14001003,21.9,24.5,81.4,2.5,"215,000",77.3,3.8,21,19400,435.8
Tunbridge Wells,E14001004,17.7,18.7,85.1,5.2,"250,000",76,:,14.6,25600,489.3
Twickenham,E14001005,14.1,14.9,87.4,14.3,"417,500",76.8,5.7,9.6,31500,548.7
Tynemouth,E14001006,19.9,21.8,79.4,3.4,"163,000",72.2,5.9,20.6,21100,233.1
Uxbridge and South Ruislip,E14001007,12.8,13.4,84.8,30.2,"274,000",70.9,7.5,17.4,24500,367
Vauxhall,E14001008,7.4,7.9,84.9,41.6,"407,500",79.7,6.5,22.7,26200,787.2
Wakefield,E14001009,17.3,18.8,78.8,8.3,"124,950",65.5,9,23.3,19500,317.4
Wallasey,E14001010,17.9,19.5,77,2.8,"115,000",69.2,6,31.3,18000,177.1
Walsall North,E14001011,16.2,17.6,75.9,13.7,"105,000",62.4,10.7,37.3,17300,195.1
Walsall South,E14001012,15.1,16.1,77.7,39.3,"120,823",56.3,14.7,36.1,18600,232.8
Walthamstow,E14001013,8.3,8.6,83,53.5,"250,000",69.1,10.1,31.8,21600,291.8
Wansbeck,E14001014,20.4,22.4,75.6,1.6,"111,450",72.6,4.5,23.7,20000,203.3
Wantage,E14001015,17.7,18.8,85.6,4,"247,500",80,2.4,14.2,25300,439.5
Warley,E14001016,14,14.8,77.4,42.6,"113,973",64.4,10.5,36.3,18400,204.9
Warrington North,E14001017,17,18.8,80.8,3.5,"125,000",76.9,4.5,23,20500,297.9
Warrington South,E14001018,17.2,18.7,84.2,4.6,"169,998",80,3.7,17.2,23200,357.2
Warwick and Leamington,E14001019,15.6,17.2,84.2,12.7,"209,000",78.8,3.6,14.2,23500,448.3
Washington and Sunderland West,E14001020,16.7,19.1,76.2,2,"108,000",66,10.5,29.8,18500,155
Watford,E14001021,13.8,15,84.8,24.9,"245,000",79.5,7.7,15.8,23300,398
Waveney,E14001022,24.4,26.4,77.4,2.4,"138,000",66,9.4,24.4,17400,282.2
Wealden,E14001023,22.5,24.3,83.9,2.7,"250,000",83.1,1.8,16.8,22700,516.9
Weaver Vale,E14001024,17.5,19.6,81.1,2.4,"150,000",70.3,3.9,19.7,21500,342.6
Wellingborough,E14001025,17.7,19.5,80.9,10.4,"134,000",77.4,6.1,24.5,19600,337.5
Wells,E14001026,23.2,25.5,80.1,2,"181,500",71,5.3,20.9,19900,465.1
Welwyn Hatfield,E14001027,15.3,16.2,84.8,16.3,"245,000",74.6,3.1,17,23500,361.1
Wentworth and Dearne,E14001028,18,19.8,74.8,2.1,"115,000",73.1,8.9,28.8,18100,194.5
West Bromwich East,E14001029,16.6,17.9,76.4,31.9,"120,000",61.9,11.1,38.9,18400,208.2
West Bromwich West,E14001030,14.5,15.7,76.5,23.2,"100,000",68.6,9.4,34.2,18700,225.5
West Dorset,E14001031,28.2,30.7,80.2,2,"235,000",75.4,4.8,19.4,21100,514.3
West Ham,E14001032,7,7.3,83,65.5,"230,000",62.2,11.9,47.9,19100,230.1
West Lancashire,E14001033,19.8,21.8,80.3,2,"160,000",65.7,6.2,21.7,19900,328.7
West Suffolk,E14001034,17.9,19,83.2,6.2,"165,000",76.5,5.9,14.9,20800,361
West Worcestershire,E14001035,26.2,28.2,80.8,2.1,"210,000",79.7,3.2,15.8,22500,529.9
Westminster North,E14001036,11,9.9,82.3,43.7,"615,000",66.9,6.1,11.9,32700,442
Westmorland and Lonsdale,E14001037,26.4,27.8,82.2,1.7,"206,000",74,4,15.8,20400,588.3
Weston-Super-Mare,E14001038,22,24,78.5,3.1,"165,000",72.1,7,23,20700,305.5
Wigan,E14001039,17.8,19.6,77.4,2.9,"115,000",73.8,9.8,27.6,19000,256.1
Wimbledon,E14001040,13,13.5,88.1,23.1,"461,500",80.6,2.1,8,32100,627.8
Winchester,E14001041,20.6,21.6,85.8,5.6,"315,000",86.7,:,11.5,26300,457.1
Windsor,E14001042,16.1,17.1,87.5,13.1,"339,475",81,3.5,10.6,27700,583.1
Wirral South,E14001043,23.6,25.2,81,2.2,"157,500",70.8,5,18.6,21300,272.5
Wirral West,E14001044,24.2,26.1,79.7,2.7,"168,000",75.2,8.2,17.5,21800,269
Witham,E14001045,20.2,22.3,83,3,"210,000",72.6,6.9,17.6,24100,421.6
Witney,E14001046,19.4,20.7,85.3,3.2,"245,000",81.6,2.2,14.1,23100,492.2
Woking,E14001047,15.9,16.8,86.5,15.8,"272,750",77.8,5.5,13,26100,441.8
Wokingham,E14001048,15.3,16.7,88.1,11.4,"277,500",79,2.9,10.4,28400,464.4
Wolverhampton North East,E14001049,15.8,17.2,76.9,23.7,"106,000",62.7,10.2,35.6,17200,165.5
Wolverhampton South East,E14001050,16.4,17.6,75.6,33.4,"105,000",62.7,15.2,34.9,17200,236.2
Wolverhampton South West,E14001051,18.2,19.4,78.9,35.5,"145,000",64.7,12.2,24.6,20300,287.5
Worcester,E14001052,15.6,17.4,82.4,6.6,"163,000",78.4,5.9,20.6,20400,273.4
Workington,E14001053,21.7,23.7,78.2,1,"131,750",74.2,5.5,21.8,19100,392.5
Worsley and Eccles South,E14001054,16.3,17.8,78.4,5.9,"120,000",69.5,8.1,26.9,19100,238.6
Worthing West,E14001055,27.9,29.5,78.2,4.9,"210,000",77.9,5.8,21,21100,316.3
Wycombe,E14001056,13.9,14.9,85.7,26.7,"247,750",76.8,6,19.2,24000,416.8
Wyre and Preston North,E14001057,24.2,26.5,81.3,6.5,"165,000",76.5,2.9,12.2,21800,411
Wyre Forest,E14001058,22.7,25.3,78.8,2.8,"150,000",72.6,4.8,24.1,18100,324.6
Wythenshawe and Sale East,E14001059,14.2,15.6,78.7,12.9,"142,000",74.7,4.7,26.7,19200,237
Yeovil,E14001060,22.2,24.1,81.1,2.2,"165,000",81.3,4.3,21,19600,338
York Central,E14001061,13.4,14.4,83.9,7.3,"167,000",71.1,6.5,15,19100,267.6
York Outer,E14001062,22.4,24.3,83.9,4,"200,000",76.9,2,13.2,21400,354
Aberdeen North,S14000001,13.3,14.3,84,9.8,:,74.5,6.3,16,21800,259.9
Aberdeen South,S14000002,15.2,16.1,87.1,7.4,:,78.7,5,8,26100,495.3
Airdrie and Shotts,S14000003,15.6,17.1,78.4,1.6,:,70,9.5,23.4,19400,187.4
Angus,S14000004,21,22.5,83.4,1.1,:,74.2,6.4,19.8,20900,339.5
Argyll and Bute,S14000005,23.4,25.2,82.3,1.2,:,76.4,5,20.2,19200,418.5
Ayr Carrick and Cumnock,S14000006,21.8,23.6,78.9,1.1,:,69.8,9.7,23,20200,262.3
Banff and Buchan,S14000007,18.9,20.8,83.4,1,:,77.5,5.3,19.1,21800,493.7
Berwickshire Roxburgh and Selkirk,S14000008,22.8,24.9,83.5,1.3,:,77.9,2.7,18.8,19900,416.1
Caithness Sutherland and Easter Ross,S14000009,22,23.6,81.7,0.8,:,76.1,9.5,22.8,22400,497.3
Central Ayrshire,S14000010,20.6,22.3,80.6,1.3,:,74.2,6.2,21.8,22200,227
Coatbridge Chryston and Bellshill,S14000011,15.1,16.4,78.9,1.9,:,75.2,8.6,22.7,21500,189.2
Cumbernauld Kilsyth and Kirkintilloch East,S14000012,16.9,18.5,81,2.1,:,70.7,4.7,24.2,21100,195.8
Dumfries and Galloway,S14000013,23.2,25.4,80.4,1.3,:,72.4,4.9,23.3,19500,395.6
Dumfriesshire Clydesdale and Tweeddale,S14000014,22.8,24.3,82.2,1,:,72.9,4.5,19.1,21100,418.6
Dundee East,S14000015,19.5,21.1,83,3.5,:,70.5,9,23.8,20800,191.4
Dundee West,S14000016,16.7,18.1,81.9,7,:,60.7,10.5,19,18300,214.3
Dunfermline and West Fife,S14000017,16.6,18.5,83.6,2,:,81.5,3.7,19.5,22000,220.7
East Dunbartonshire,S14000018,21.8,24,85.9,5,:,75.2,4.5,11.7,25200,265
East Kilbride Strathaven and Lesmahagow,S14000019,18.4,20.3,82.4,2.3,:,75.6,2.9,18.2,21900,251.6
East Lothian,S14000020,18.8,20.6,83.9,1.7,:,75,5.3,19.9,21300,273.3
East Renfrewshire,S14000021,18.9,20.5,85.6,5.9,:,75.1,6.2,15.9,25700,253.6
Edinburgh East,S14000022,13.6,14.5,84.4,9.7,:,70.5,6.3,15,20100,305.8
Edinburgh North and Leith,S14000023,12.1,12.9,86.9,8.6,:,78.3,3.9,11.7,21600,552.7
Edinburgh South,S14000024,16,17.4,87.3,8.8,:,73.1,4.1,12.7,26700,231
Edinburgh South West,S14000025,14.3,15.7,86,9,:,67,7,13.8,22000,247.2
Edinburgh West,S14000026,18.6,20.2,86,5.1,:,75.5,2.2,12.5,23000,260.8
Na h-Eileanan An Iar,S14000027,22.9,24.3,81.7,0.9,:,79.6,6.1,18.1,22600,392.3
Falkirk,S14000028,17.1,18.7,82,2.1,:,73.5,6.6,18.5,21600,213
Glasgow Central,S14000029,9.9,10.5,79.8,24.2,:,61.3,5.7,17.3,22000,715.8
Glasgow East,S14000030,15.7,16.7,72.9,3.6,:,70.2,10.4,25.8,18700,177.8
Glasgow North,S14000031,11.5,12.4,83,13.4,:,61.7,8.7,13.3,23000,253.7
Glasgow North East,S14000032,15.2,16,72.8,10.8,:,60.5,5.8,40.9,19300,141.7
Glasgow North West,S14000033,15.1,15.6,78.1,8.3,:,67.4,11.4,22.5,20500,156.4
Glasgow South,S14000034,15,16,80.4,11.2,:,72.6,9.7,14.7,21900,182.2
Glasgow South West,S14000035,14.9,15.5,76.2,9.2,:,61.8,10.5,25.9,18300,148.1
Glenrothes,S14000036,18.4,20.5,79,1.8,:,66.7,9.5,25.5,18500,174.9
Gordon,S14000037,16.9,18.8,88.2,2.5,:,78.9,3.3,8.4,25700,508.5
Inverclyde,S14000038,19.2,20.6,78.8,1.4,:,69.3,7.5,24.4,19000,183
Inverness Nairn Badenoch and Strathspey,S14000039,18,19.5,85.2,1.9,:,74.3,4.4,20.9,20400,349
Kilmarnock and Loudoun,S14000040,18.4,20.3,80.7,1.3,:,68.1,11.4,22.8,19400,238
Kirkcaldy and Cowdenbeath,S14000041,19.2,20.8,80.3,2.3,:,67.1,8.7,24,20100,203.9
Lanark and Hamilton East,S14000042,19.1,21.2,79.8,1.8,:,70.2,6.9,17.3,20700,290.6
Linlithgow and East Falkirk,S14000043,16.5,18,82.2,1.5,:,75.7,5.9,19.2,19100,225.2
Livingston,S14000044,14.4,16.1,83.2,3,:,73.8,6.9,21.9,19600,216.5
Midlothian,S14000045,17.9,19.8,82.9,1.8,:,74,5.9,23.1,19200,238.5
Moray,S14000046,19.6,20.9,85,1.1,:,77.5,5,16.4,20100,311.1
Motherwell and Wishaw,S14000047,16.3,17.6,78.8,2.5,:,68.2,10.5,22.5,20500,168.5
North Ayrshire and Arran,S14000048,21.4,23.3,79.5,1,:,67.4,9,23.1,20400,220.3
North East Fife,S14000049,21.5,22.9,84.8,3.5,:,78.4,4.3,14.2,22800,308.7
Ochil and South Perthshire,S14000050,19.7,21.7,84,1.5,:,72,7.3,18.4,21100,318.6
Orkney and Shetland,S14000051,19.4,20.7,86,1.1,:,83.6,3.7,14.2,20300,615.4
Paisley and Renfrewshire North,S14000052,17.9,19.8,81.8,2.8,:,74.6,5.8,21.7,20100,256.6
Paisley and Renfrewshire South,S14000053,17.9,19.2,79.6,2.6,:,68.7,8.6,23.3,20400,203.6
Perth and North Perthshire,S14000054,21.3,22.8,84.8,2.3,:,76.5,4.6,19.8,20200,348.5
Ross Skye and Lochaber,S14000055,21.1,22.6,84.3,1.1,:,78.7,2.2,21.7,20000,508.3
Rutherglen and Hamilton West,S14000056,15.9,17.5,79,3,:,71.3,8.9,25.1,21000,179.1
Stirling,S14000057,18.2,19.5,84.7,3.2,:,72.6,5.7,15.9,21900,391.7
West Aberdeenshire and Kincardine,S14000058,16.5,18,89,2,:,82.9,3.4,7.3,27600,544.5
West Dunbartonshire,S14000059,17.3,19.1,77.8,1.6,:,65.2,9.1,24,20000,172.6
Ynys Mon,W07000041,23.7,24.9,78.6,1.8,"142,750",69.1,6.7,24.5,19300,326.7
Delyn,W07000042,20.6,23.2,80.3,1.2,"130,000",68.6,7.3,21.8,20800,315.7
Alyn and Deeside,W07000043,17.9,19.8,81.8,1.8,"141,995",72.9,5.9,23.2,19700,275.1
Wrexham,W07000044,18.5,20.2,80,4.3,"130,000",72.1,6.1,24.3,19600,278.8
Llanelli,W07000045,20.4,22,74,2.1,"100,000",69.1,7.9,29.7,18800,201.8
Gower,W07000046,22.4,24.3,79.1,2.1,"150,000",74.5,5.8,22.3,19800,261.6
Swansea West,W07000047,17.9,19.2,78.7,10.6,"135,000",58,12.5,19.5,19800,242.3
Swansea East,W07000048,16.4,18.2,76,5.1,"99,999",72.2,6.7,31.6,18900,184.9
Aberavon,W07000049,19.1,21.2,72.8,2.4,"95,000",65.9,9.9,26.2,19900,182.8
Cardiff Central,W07000050,10.6,11.5,84.6,19.3,"165,625",53.3,7.4,19,20000,287
Cardiff North,W07000051,17.3,18.9,82.9,9.1,"191,500",76.7,7,14.1,22700,242.9
Rhondda,W07000052,19.6,21,70.6,1.9,"62,000",63.5,11.4,31.5,17200,141.5
Torfaen,W07000053,18.1,19.9,75.8,2,"117,000",67,10,27.1,18200,196.3
Monmouth,W07000054,23.6,25.4,79.4,2.1,"185,000",73.9,5.5,18.1,22200,446.6
Newport East,W07000055,16.6,18.1,78.7,8.3,"131,500",69.2,8.7,29.5,19000,204.3
Newport West,W07000056,18.1,19.7,78.9,9.9,"139,998",69.2,7.4,24.6,21100,240.4
Arfon,W07000057,16.8,17.9,82.7,5.6,"130,000",70.8,5.2,24.6,19300,277.3
Aberconwy,W07000058,25.5,26.8,79.2,2.2,"155,000",72,5.7,29.1,20100,347.7
Clwyd West,W07000059,25.2,26.1,77.5,2.4,"136,750",73.6,3.4,26.3,19600,391.1
Vale of Clwyd,W07000060,22,24.6,76.6,2.9,"121,000",67.8,8.1,29.7,19500,274.5
Dwyfor Meirionnydd,W07000061,26.9,27.2,79.4,1.4,"145,000",67,6.1,25.3,18900,529.8
Clwyd South,W07000062,18.6,20.2,79.4,1.8,"129,995",71.5,4.4,24.7,18400,281
Montgomeryshire,W07000063,23.1,25.3,80,1.1,"150,000",79.1,1.5,23.6,17400,639.8
Ceredigion,W07000064,22,23.3,79.2,3.3,"162,000",64.4,3.4,23.3,18700,504.8
Preseli Pembrokeshire,W07000065,22.6,23.9,78.8,1.9,"140,000",71.7,5.7,29.2,18200,436.9
Carmarthen West and South Pembrokeshire,W07000066,23.4,25,77.2,2.1,"158,000",68.1,5.3,27.2,19700,464.6
Carmarthen East and Dinefwr,W07000067,23.9,25.8,75.3,1.4,"130,000",68,7.8,23.3,20700,511.2
Brecon and Radnorshire,W07000068,26.1,27.9,78,2.1,"168,000",75.7,3.5,21.4,19200,615.8
Neath,W07000069,20.2,22.3,73.8,1.5,"102,000",69.6,6,25.7,19600,188.6
Cynon Valley,W07000070,18.4,20.3,73.1,2.1,"75,000",64.6,9.5,32.1,16400,166.1
Merthyr Tydfil and Rhymney,W07000071,17.6,19.4,72.1,2.1,"82,000",64,9.6,30.6,18700,169.8
Blaenau Gwent,W07000072,18.8,20.3,72.6,1.5,"72,000",64.5,12.9,28.9,17800,149.7
Bridgend,W07000073,19.6,21.3,77.8,2.8,"145,000",72.1,6.3,21.8,19900,261.9
Ogmore,W07000074,17.2,19.6,74.6,1.5,"114,500",69.1,7.4,28.1,18300,184.8
Pontypridd,W07000075,17.5,19.2,78.4,3.8,"122,000",75.5,6.3,17.9,19500,242.5
Caerphilly,W07000076,17,18.9,75.7,1.9,"125,000",70.8,8.5,26.5,18900,197.1
Islwyn,W07000077,18.6,20.4,74.8,1.5,"99,999",67.6,5.9,27.2,18800,191.1
Vale of Glamorgan,W07000078,19.2,21.1,79.9,3.2,"165,000",70.3,8.7,23.9,20500,283.2
Cardiff West,W07000079,15,16.5,79.3,12.5,"166,000",73.4,5,23.2,21000,236.6
Cardiff South and Penarth,W07000080,13.9,15,79.1,16.7,"147,000",71.6,4.5,28.1,20300,292.1
Belfast East,N06000001,17.4,18.3,77.5,2.9,:,:,:,:,20100,225.1
Belfast North,N06000002,16.1,17.3,73.2,2.2,:,:,:,:,18200,188.3
Belfast South,N06000003,13.7,14.4,82.8,5.8,:,:,:,:,22800,371.7
Belfast West,N06000004,12.9,13.8,72.5,1.8,:,:,:,:,17400,137.5
East Antrim,N06000005,17,18.5,80.2,1.5,:,:,:,:,21400,231.7
East Londonderry,N06000006,16,17.1,80.2,1.2,:,:,:,:,19100,334.6
Fermanagh and South Tyrone,N06000007,14.8,13.8,81.2,1.7,:,:,:,:,18300,629.1
Foyle,N06000008,12.7,13.9,77.7,1.8,:,:,:,:,18000,256.5
Lagan Valley,N06000009,16.6,17.7,82,1.8,:,:,:,:,21200,398
Mid Ulster,N06000010,13.2,14.1,80,1,:,:,:,:,20200,556.3
Newry and Armagh,N06000011,13.8,14.9,80.5,1,:,:,:,:,18200,467.5
North Antrim,N06000012,16.9,18.1,80.7,0.9,:,:,:,:,18600,438.5
North Down,N06000013,19.8,21.8,81.4,1.8,:,:,:,:,21500,243.1
South Antrim,N06000014,14.5,16,82.5,1.7,:,:,:,:,21300,326.8
South Down,N06000015,14.3,15.5,81.5,0.9,:,:,:,:,19600,491.7
Strangford,N06000016,17.7,19.5,80.1,1,:,:,:,:,19800,353.3
Upper Bann,N06000017,14.2,15.4,79.2,1.9,:,:,:,:,19400,287.2
West Tyrone,N06000018,14.4,15.4,77.1,0.8,:,:,:,:,17700,557.4
